_id,Gender,Age,Driving_License,Region_Code,Previously_Insured,Vehicle_Age,Vehicle_Damage,Annual_Premium,Policy_Sales_Channel,Vintage,Response
6979d927682586564e383675,Female,21,1,6.0,0,< 1 Year,Yes,19196.0,152.0,40,0
6979d927682586564e3835d1,Female,38,1,35.0,1,1-2 Year,No,2630.0,152.0,153,0
6979d927682586564e3836c0,Female,21,1,14.0,1,< 1 Year,No,36712.0,152.0,56,0
6979d927682586564e38364c,Female,28,1,44.0,0,1-2 Year,Yes,37570.0,156.0,258,1
6979d927682586564e38367e,Female,60,1,28.0,0,> 2 Years,Yes,65472.0,26.0,36,0
6979d927682586564e3835a8,Male,47,1,28.0,0,> 2 Years,Yes,38294.0,26.0,27,1
6979d927682586564e3835c6,Female,48,1,28.0,0,1-2 Year,Yes,36951.0,122.0,149,0
6979d927682586564e383752,Female,21,1,34.0,0,1-2 Year,Yes,36314.0,163.0,86,1
6979d927682586564e383630,Male,36,1,28.0,1,1-2 Year,No,2630.0,26.0,258,0
6979d927682586564e3836d7,Male,24,1,15.0,1,< 1 Year,No,23267.0,152.0,143,0
6979d927682586564e383606,Male,50,1,28.0,0,1-2 Year,Yes,46995.0,52.0,291,0
6979d927682586564e383664,Female,28,1,8.0,1,< 1 Year,No,37731.0,152.0,30,0
6979d927682586564e383651,Male,22,1,36.0,1,< 1 Year,No,36352.0,152.0,13,0
6979d927682586564e383674,Female,23,1,46.0,1,< 1 Year,No,18682.0,152.0,57,0
6979d927682586564e3836ce,Female,22,1,46.0,0,< 1 Year,Yes,31180.0,152.0,120,0
6979d927682586564e383613,Male,45,1,35.0,0,1-2 Year,Yes,2630.0,124.0,275,0
6979d927682586564e383609,Female,24,1,7.0,1,< 1 Year,Yes,2630.0,160.0,68,0
6979d927682586564e383607,Female,62,1,28.0,0,> 2 Years,Yes,41892.0,155.0,114,0
6979d927682586564e38361c,Female,23,1,29.0,1,< 1 Year,No,37983.0,152.0,23,0
6979d927682586564e3836c7,Male,64,1,8.0,0,1-2 Year,Yes,2630.0,124.0,293,0
6979d927682586564e383731,Male,75,1,8.0,1,1-2 Year,No,2630.0,26.0,11,0
6979d927682586564e383632,Female,21,1,46.0,1,< 1 Year,No,27528.0,160.0,117,0
6979d927682586564e383794,Female,27,1,46.0,1,< 1 Year,No,28640.0,152.0,93,0
6979d927682586564e383706,Female,22,1,30.0,1,< 1 Year,No,18202.0,152.0,107,0
6979d927682586564e383789,Female,44,1,28.0,0,1-2 Year,Yes,52593.0,26.0,30,1
6979d927682586564e38365b,Male,52,1,0.0,0,1-2 Year,Yes,2630.0,124.0,89,0
6979d927682586564e383786,Male,73,1,29.0,0,> 2 Years,Yes,104002.0,3.0,132,0
6979d927682586564e383631,Male,21,1,29.0,1,< 1 Year,No,62164.0,152.0,116,0
6979d927682586564e38377a,Male,70,1,7.0,1,1-2 Year,No,65479.0,124.0,213,0
6979d927682586564e38367d,Female,25,1,9.0,0,< 1 Year,No,34280.0,160.0,202,0
6979d927682586564e383642,Female,41,1,28.0,0,1-2 Year,Yes,54740.0,124.0,212,1
6979d927682586564e3835b6,Female,25,1,45.0,0,< 1 Year,Yes,26218.0,160.0,256,0
6979d927682586564e383749,Female,38,1,38.0,1,1-2 Year,No,37379.0,124.0,158,0
6979d927682586564e383662,Female,45,1,28.0,0,1-2 Year,Yes,25604.0,26.0,85,0
6979d927682586564e383761,Female,25,1,23.0,1,< 1 Year,No,2630.0,152.0,228,0
6979d927682586564e383712,Female,44,1,41.0,0,1-2 Year,Yes,30875.0,124.0,173,0
6979d927682586564e38371a,Male,45,1,28.0,0,> 2 Years,Yes,49145.0,122.0,222,1
6979d927682586564e383636,Male,21,1,3.0,1,< 1 Year,No,40511.0,160.0,212,0
6979d927682586564e3836a6,Male,25,1,28.0,1,< 1 Year,No,43516.0,152.0,150,0
6979d927682586564e3835ce,Male,30,1,30.0,0,< 1 Year,Yes,24550.0,124.0,45,0
6979d927682586564e3836de,Female,26,1,28.0,1,< 1 Year,No,44082.0,152.0,197,0
6979d927682586564e3835e0,Female,62,1,48.0,0,1-2 Year,Yes,2630.0,15.0,295,0
6979d927682586564e3836ab,Female,22,1,12.0,1,< 1 Year,No,29823.0,152.0,128,0
6979d927682586564e3835ff,Female,20,1,36.0,0,< 1 Year,Yes,46275.0,160.0,281,1
6979d927682586564e38368a,Male,32,1,50.0,0,< 1 Year,No,2630.0,1.0,287,0
6979d927682586564e38373a,Male,51,1,28.0,0,1-2 Year,Yes,37690.0,26.0,34,0
6979d927682586564e38376b,Male,63,1,28.0,0,1-2 Year,Yes,44879.0,124.0,85,0
6979d927682586564e383751,Male,54,1,28.0,1,1-2 Year,No,34431.0,124.0,288,0
6979d927682586564e38377f,Female,24,1,8.0,0,< 1 Year,Yes,42636.0,152.0,155,0
6979d927682586564e38362d,Female,43,1,41.0,0,1-2 Year,Yes,2630.0,26.0,19,1
6979d927682586564e38361b,Female,32,1,27.0,1,< 1 Year,No,22838.0,151.0,295,0
6979d927682586564e3836e0,Male,42,1,8.0,0,1-2 Year,Yes,35600.0,124.0,213,0
6979d927682586564e3835c1,Male,26,1,6.0,1,< 1 Year,No,19135.0,152.0,57,0
6979d927682586564e3835ea,Male,63,1,28.0,1,1-2 Year,No,61739.0,124.0,79,0
6979d927682586564e383694,Male,33,1,3.0,1,1-2 Year,No,27609.0,152.0,255,0
6979d927682586564e3836c6,Male,26,1,10.0,0,< 1 Year,Yes,24115.0,152.0,69,0
6979d927682586564e3836f6,Male,21,1,8.0,1,< 1 Year,No,27076.0,160.0,278,0
6979d927682586564e38368c,Male,42,1,31.0,0,1-2 Year,Yes,2630.0,124.0,181,0
6979d927682586564e383617,Male,50,1,30.0,0,1-2 Year,Yes,34271.0,26.0,229,1
6979d927682586564e3835f3,Female,27,1,33.0,1,< 1 Year,No,35512.0,152.0,111,0
6979d927682586564e3836ee,Male,39,1,28.0,0,1-2 Year,Yes,38036.0,157.0,10,0
6979d927682586564e3836b9,Female,52,1,31.0,0,1-2 Year,Yes,2630.0,26.0,127,0
6979d927682586564e383625,Female,22,1,25.0,0,< 1 Year,Yes,23955.0,160.0,22,0
6979d927682586564e383707,Male,20,1,8.0,1,< 1 Year,No,38076.0,160.0,79,0
6979d927682586564e38370f,Female,23,1,8.0,1,< 1 Year,No,42644.0,152.0,257,0
6979d927682586564e383667,Male,21,1,47.0,0,< 1 Year,No,37028.0,160.0,119,0
6979d927682586564e3836ad,Male,22,1,36.0,1,< 1 Year,No,2630.0,152.0,60,0
6979d927682586564e383795,Male,20,1,8.0,0,< 1 Year,Yes,40115.0,160.0,292,0
6979d927682586564e383730,Male,50,1,31.0,0,1-2 Year,Yes,2630.0,124.0,237,0
6979d927682586564e3835ae,Female,24,1,3.0,1,< 1 Year,No,27619.0,152.0,28,0
6979d927682586564e383732,Male,31,1,28.0,0,< 1 Year,Yes,32883.0,26.0,132,0
6979d927682586564e383646,Male,20,1,3.0,1,< 1 Year,No,41914.0,160.0,206,0
6979d927682586564e383716,Male,52,1,30.0,1,< 1 Year,No,2630.0,1.0,152,0
6979d927682586564e3836a7,Female,24,1,46.0,0,< 1 Year,Yes,27141.0,152.0,246,0
6979d927682586564e383656,Male,25,1,28.0,1,< 1 Year,No,101021.0,152.0,49,0
6979d927682586564e3836ff,Male,42,1,38.0,0,1-2 Year,Yes,34193.0,156.0,116,1
6979d927682586564e383693,Male,28,1,15.0,1,< 1 Year,No,38339.0,152.0,245,0
6979d927682586564e3836b2,Female,27,1,50.0,0,< 1 Year,Yes,2630.0,160.0,83,0
6979d927682586564e38377d,Female,22,1,43.0,0,1-2 Year,Yes,42589.0,157.0,236,0
6979d927682586564e3836fd,Male,25,1,25.0,1,< 1 Year,No,32856.0,152.0,275,0
6979d927682586564e383696,Male,22,1,46.0,1,< 1 Year,No,30745.0,152.0,147,0
6979d927682586564e3836df,Female,24,1,46.0,1,< 1 Year,No,21006.0,152.0,11,0
6979d927682586564e383690,Male,25,1,46.0,1,< 1 Year,No,39914.0,152.0,235,0
6979d927682586564e3835b3,Male,76,1,28.0,0,1-2 Year,Yes,36770.0,13.0,15,0
6979d927682586564e383757,Male,25,1,16.0,1,< 1 Year,No,2630.0,152.0,178,0
6979d927682586564e3836d4,Female,35,1,28.0,0,1-2 Year,Yes,41662.0,150.0,223,0
6979d927682586564e383710,Female,50,1,28.0,0,1-2 Year,Yes,68147.0,30.0,218,0
6979d927682586564e383793,Female,20,1,28.0,1,< 1 Year,Yes,2630.0,160.0,120,0
6979d927682586564e383641,Female,49,1,28.0,0,1-2 Year,Yes,32771.0,154.0,29,0
6979d927682586564e3835ba,Male,65,1,28.0,0,1-2 Year,Yes,41184.0,124.0,116,0
6979d927682586564e383782,Female,23,1,27.0,0,< 1 Year,Yes,27827.0,151.0,19,0
6979d927682586564e38369e,Female,25,1,27.0,0,< 1 Year,No,2630.0,152.0,167,0
6979d927682586564e38368e,Male,53,1,0.0,0,1-2 Year,Yes,2630.0,26.0,69,0
6979d927682586564e383670,Male,22,1,11.0,1,< 1 Year,No,21126.0,152.0,272,0
6979d927682586564e383783,Male,45,1,46.0,0,1-2 Year,Yes,37726.0,26.0,186,0
6979d927682586564e383762,Female,21,1,30.0,1,< 1 Year,No,24030.0,152.0,82,0
6979d927682586564e383657,Male,60,1,45.0,0,1-2 Year,No,42888.0,124.0,229,0
6979d927682586564e3836f3,Male,44,1,28.0,0,1-2 Year,Yes,30427.0,124.0,237,1
6979d927682586564e3835e7,Female,59,1,30.0,0,1-2 Year,Yes,34426.0,26.0,147,0
6979d927682586564e3835c2,Female,25,1,8.0,1,< 1 Year,No,27946.0,152.0,223,0
6979d927682586564e38369c,Female,57,1,46.0,0,1-2 Year,Yes,30777.0,26.0,158,0
6979d927682586564e38375e,Male,53,1,39.0,0,1-2 Year,Yes,2630.0,157.0,83,0
6979d927682586564e3835b2,Female,41,1,15.0,1,1-2 Year,No,31409.0,14.0,221,0
6979d927682586564e38371c,Female,38,1,29.0,0,1-2 Year,Yes,47639.0,122.0,169,0
6979d927682586564e383619,Female,32,1,46.0,0,1-2 Year,Yes,34810.0,26.0,166,0
6979d927682586564e3835e2,Male,49,1,8.0,0,1-2 Year,Yes,2630.0,156.0,30,0
6979d927682586564e383643,Male,41,1,35.0,0,1-2 Year,Yes,25112.0,154.0,221,0
6979d927682586564e3836aa,Male,54,1,28.0,0,1-2 Year,Yes,34367.0,124.0,237,1
6979d927682586564e3836a2,Female,20,1,34.0,0,< 1 Year,Yes,33247.0,160.0,281,0
6979d927682586564e38366e,Male,55,1,28.0,0,1-2 Year,Yes,49470.0,124.0,203,0
6979d927682586564e38377c,Female,74,1,28.0,0,> 2 Years,Yes,30128.0,26.0,164,1
6979d927682586564e3836eb,Female,24,1,33.0,1,< 1 Year,No,32219.0,152.0,45,0
6979d927682586564e3835ca,Male,71,1,8.0,1,1-2 Year,No,40903.0,19.0,253,0
6979d927682586564e3836e3,Male,48,1,8.0,1,1-2 Year,No,41483.0,124.0,113,0
6979d927682586564e3836fe,Female,21,1,29.0,1,< 1 Year,No,29166.0,152.0,278,0
6979d927682586564e3836da,Male,71,1,28.0,0,1-2 Year,Yes,42881.0,124.0,105,0
6979d927682586564e383787,Female,33,1,7.0,0,1-2 Year,No,2630.0,26.0,103,0
6979d927682586564e383729,Male,66,1,28.0,0,1-2 Year,No,42644.0,122.0,80,0
6979d927682586564e3836ba,Female,36,1,15.0,0,1-2 Year,Yes,2630.0,26.0,69,1
6979d927682586564e3836f5,Male,20,1,29.0,1,1-2 Year,No,2630.0,157.0,271,0
6979d927682586564e383715,Female,20,1,12.0,0,< 1 Year,Yes,2630.0,160.0,203,0
6979d927682586564e38360b,Male,24,1,3.0,1,< 1 Year,No,28139.0,152.0,52,0
6979d927682586564e3835dd,Female,20,1,47.0,0,< 1 Year,Yes,25380.0,160.0,171,0
6979d927682586564e3836ea,Male,24,1,8.0,1,< 1 Year,No,35981.0,152.0,231,0
6979d927682586564e383770,Male,33,1,11.0,1,< 1 Year,No,35263.0,152.0,271,0
6979d927682586564e3836af,Female,22,1,11.0,1,< 1 Year,No,32234.0,152.0,117,0
6979d927682586564e383626,Female,22,1,20.0,0,< 1 Year,Yes,2630.0,152.0,219,0
6979d927682586564e3835e9,Male,60,1,28.0,0,1-2 Year,Yes,66338.0,124.0,73,0
6979d927682586564e3836d2,Male,21,1,29.0,1,< 1 Year,No,43798.0,152.0,258,0
6979d927682586564e3835da,Female,49,1,3.0,1,1-2 Year,No,25553.0,152.0,130,0
6979d927682586564e38376a,Male,47,1,46.0,1,1-2 Year,No,2630.0,21.0,270,0
6979d927682586564e383624,Male,23,1,41.0,1,< 1 Year,No,33307.0,152.0,147,0
6979d927682586564e383676,Male,24,1,6.0,1,< 1 Year,No,18576.0,151.0,245,0
6979d927682586564e3836f7,Male,23,1,18.0,1,< 1 Year,No,35970.0,26.0,16,0
6979d927682586564e383648,Male,78,1,28.0,1,1-2 Year,No,42462.0,26.0,54,0
6979d927682586564e38378d,Female,24,1,28.0,1,< 1 Year,No,28036.0,152.0,108,0
6979d927682586564e383665,Female,24,1,16.0,1,< 1 Year,No,28190.0,152.0,284,0
6979d927682586564e3836dc,Female,45,1,28.0,0,> 2 Years,Yes,73929.0,157.0,86,0
6979d927682586564e3835a7,Male,76,1,3.0,0,1-2 Year,No,33536.0,26.0,183,0
6979d927682586564e3835bc,Male,23,1,50.0,1,< 1 Year,No,45283.0,152.0,232,0
6979d927682586564e383717,Male,58,1,28.0,1,1-2 Year,No,44522.0,23.0,94,0
6979d927682586564e3836f9,Female,69,1,28.0,0,1-2 Year,Yes,32400.0,26.0,189,1
6979d927682586564e383650,Male,23,1,36.0,1,< 1 Year,No,52462.0,152.0,243,0
6979d927682586564e383759,Male,64,1,28.0,0,1-2 Year,Yes,42417.0,60.0,116,0
6979d927682586564e38371e,Male,23,1,27.0,1,< 1 Year,No,26287.0,160.0,199,0
6979d927682586564e38372a,Female,44,1,28.0,0,1-2 Year,Yes,45485.0,122.0,245,0
6979d927682586564e3835d3,Male,56,1,28.0,0,1-2 Year,Yes,34617.0,124.0,71,0
6979d927682586564e38376d,Male,49,1,8.0,0,1-2 Year,Yes,41648.0,124.0,98,0
6979d927682586564e3836f8,Male,36,1,8.0,0,1-2 Year,Yes,30941.0,26.0,249,0
6979d927682586564e3836a9,Male,24,1,13.0,1,< 1 Year,No,44603.0,152.0,207,0
6979d927682586564e383775,Male,70,1,28.0,0,> 2 Years,Yes,51565.0,122.0,115,0
6979d927682586564e38362c,Female,27,1,8.0,1,< 1 Year,No,40651.0,152.0,260,0
6979d927682586564e3836d0,Female,49,1,31.0,0,1-2 Year,Yes,2630.0,124.0,32,1
6979d927682586564e383654,Male,24,1,35.0,1,< 1 Year,No,23540.0,152.0,98,0
6979d927682586564e38374e,Female,21,1,8.0,1,< 1 Year,Yes,46704.0,152.0,99,0
6979d927682586564e38367b,Male,42,1,45.0,0,1-2 Year,No,28759.0,25.0,102,0
6979d927682586564e3835d6,Female,25,1,15.0,0,< 1 Year,No,38667.0,152.0,12,0
6979d927682586564e3835d2,Female,26,1,30.0,1,< 1 Year,No,31136.0,152.0,186,0
6979d927682586564e383725,Female,24,1,8.0,0,< 1 Year,Yes,54408.0,152.0,86,0
6979d927682586564e383623,Male,49,1,28.0,0,1-2 Year,Yes,2630.0,124.0,88,0
6979d927682586564e383605,Female,23,1,30.0,0,< 1 Year,No,26689.0,152.0,254,0
6979d927682586564e38365c,Male,47,1,15.0,1,1-2 Year,No,29306.0,14.0,99,0
6979d927682586564e38361f,Female,39,1,28.0,1,1-2 Year,No,37243.0,124.0,31,0
6979d927682586564e383615,Female,48,1,46.0,0,> 2 Years,Yes,37379.0,11.0,139,0
6979d927682586564e383721,Male,25,1,11.0,0,< 1 Year,No,38081.0,152.0,132,0
6979d927682586564e383659,Female,45,1,46.0,0,1-2 Year,Yes,22689.0,26.0,95,0
6979d927682586564e3835f1,Female,59,1,26.0,1,1-2 Year,No,35649.0,122.0,136,0
6979d927682586564e383638,Female,27,1,30.0,1,< 1 Year,No,33780.0,152.0,246,0
6979d927682586564e3835f2,Male,67,1,28.0,1,1-2 Year,No,31993.0,122.0,61,0
6979d927682586564e383601,Female,26,1,30.0,1,< 1 Year,No,31791.0,152.0,189,0
6979d927682586564e383785,Male,30,1,28.0,0,< 1 Year,Yes,51429.0,121.0,119,1
6979d927682586564e3836e5,Male,43,1,5.0,1,1-2 Year,Yes,2630.0,124.0,178,0
6979d927682586564e383735,Male,59,1,28.0,0,1-2 Year,Yes,44233.0,124.0,160,1
6979d927682586564e383688,Male,37,1,8.0,1,1-2 Year,No,29099.0,152.0,194,0
6979d927682586564e38378e,Male,72,1,8.0,1,1-2 Year,No,36462.0,26.0,61,0
6979d927682586564e3835e1,Male,29,1,3.0,1,< 1 Year,No,35463.0,152.0,165,0
6979d927682586564e3836a0,Male,33,1,31.0,1,< 1 Year,No,2630.0,152.0,259,0
6979d927682586564e383714,Male,31,1,24.0,0,1-2 Year,Yes,2630.0,156.0,257,0
6979d927682586564e3836bf,Female,54,1,41.0,0,1-2 Year,Yes,53581.0,124.0,199,1
6979d927682586564e3836ef,Female,52,1,45.0,0,1-2 Year,Yes,23918.0,26.0,265,0
6979d927682586564e3836f1,Male,69,1,28.0,0,1-2 Year,Yes,30727.0,122.0,47,0
6979d927682586564e3836ac,Male,45,1,30.0,1,1-2 Year,No,2630.0,26.0,121,0
6979d927682586564e3835c0,Female,51,1,28.0,0,1-2 Year,Yes,38341.0,124.0,49,1
6979d927682586564e38378c,Male,79,1,45.0,0,1-2 Year,Yes,21882.0,124.0,78,0
6979d927682586564e383681,Male,23,1,41.0,1,< 1 Year,No,26285.0,152.0,91,0
6979d927682586564e3836be,Male,25,1,39.0,0,< 1 Year,No,2630.0,152.0,217,0
6979d927682586564e3836f2,Female,28,1,46.0,1,< 1 Year,No,41526.0,160.0,122,0
6979d927682586564e38363d,Male,27,1,28.0,0,< 1 Year,Yes,26732.0,152.0,282,0
6979d927682586564e383784,Female,22,1,44.0,1,< 1 Year,No,37232.0,152.0,177,0
6979d927682586564e383790,Female,62,1,28.0,0,1-2 Year,Yes,31026.0,124.0,105,0
6979d927682586564e3835e3,Female,20,1,50.0,0,< 1 Year,Yes,36615.0,160.0,218,0
6979d927682586564e3835f0,Male,59,1,23.0,0,1-2 Year,No,27865.0,124.0,39,0
6979d927682586564e383633,Female,47,1,41.0,1,1-2 Year,No,42080.0,124.0,62,0
6979d927682586564e3835d7,Male,48,1,3.0,0,1-2 Year,No,38233.0,124.0,246,0
6979d927682586564e3836e6,Female,40,1,29.0,0,1-2 Year,Yes,2630.0,157.0,77,0
6979d927682586564e3836bc,Female,20,1,35.0,0,< 1 Year,Yes,34281.0,160.0,214,0
6979d927682586564e3836d3,Male,67,1,28.0,0,1-2 Year,Yes,32653.0,124.0,171,0
6979d927682586564e3835d9,Male,22,1,16.0,0,< 1 Year,Yes,30673.0,152.0,216,0
6979d927682586564e383611,Male,31,1,29.0,0,1-2 Year,Yes,28867.0,124.0,247,0
6979d927682586564e383781,Male,59,1,8.0,1,1-2 Year,No,34424.0,26.0,134,0
6979d927682586564e3835ee,Female,23,1,39.0,1,< 1 Year,No,40372.0,152.0,242,0
6979d927682586564e383708,Male,57,1,28.0,0,1-2 Year,Yes,19618.0,122.0,96,1
6979d927682586564e38378f,Female,39,1,28.0,0,1-2 Year,Yes,45387.0,154.0,59,1
6979d927682586564e383718,Male,59,1,49.0,0,1-2 Year,Yes,39971.0,124.0,143,0
6979d927682586564e383754,Male,48,1,8.0,0,1-2 Year,Yes,42100.0,124.0,247,1
6979d927682586564e3836a8,Male,67,1,28.0,1,1-2 Year,No,31011.0,122.0,63,0
6979d927682586564e38374d,Female,37,1,28.0,0,1-2 Year,Yes,20267.0,152.0,88,0
6979d927682586564e3835e8,Male,41,1,28.0,0,1-2 Year,Yes,42268.0,154.0,36,0
6979d927682586564e3836ae,Male,24,1,28.0,0,< 1 Year,Yes,21583.0,152.0,143,0
6979d927682586564e383622,Male,23,1,15.0,1,< 1 Year,No,25605.0,160.0,256,0
6979d927682586564e38375d,Female,49,1,8.0,0,1-2 Year,Yes,38022.0,124.0,197,0
6979d927682586564e3836b3,Male,49,1,46.0,1,1-2 Year,No,2630.0,30.0,198,0
6979d927682586564e383720,Male,20,1,35.0,1,< 1 Year,No,2630.0,160.0,81,0
6979d927682586564e383724,Female,55,1,28.0,0,> 2 Years,Yes,49146.0,26.0,190,1
6979d927682586564e383645,Female,31,1,15.0,1,< 1 Year,No,25908.0,152.0,84,0
6979d927682586564e3835b4,Male,71,1,28.0,1,1-2 Year,No,46818.0,30.0,58,0
6979d927682586564e383683,Male,40,1,20.0,0,1-2 Year,Yes,2630.0,26.0,204,0
6979d927682586564e3836c3,Male,42,1,15.0,0,1-2 Year,Yes,28883.0,26.0,66,0
6979d927682586564e3836e8,Female,22,1,28.0,0,< 1 Year,Yes,48276.0,152.0,290,0
6979d927682586564e383779,Female,22,1,46.0,0,< 1 Year,Yes,26118.0,152.0,46,0
6979d927682586564e383639,Male,20,1,39.0,1,< 1 Year,No,28329.0,160.0,78,0
6979d927682586564e38373d,Female,45,1,35.0,1,1-2 Year,No,2630.0,26.0,200,0
6979d927682586564e38365d,Male,59,1,41.0,1,1-2 Year,No,28821.0,26.0,29,0
6979d927682586564e3836ed,Male,26,1,30.0,1,< 1 Year,No,2630.0,152.0,270,0
6979d927682586564e383668,Male,39,1,28.0,1,1-2 Year,No,29468.0,26.0,166,0
6979d927682586564e3835b7,Female,25,1,35.0,1,< 1 Year,No,46622.0,152.0,299,0
6979d927682586564e3835fb,Female,21,1,17.0,0,< 1 Year,Yes,27756.0,160.0,243,0
6979d927682586564e38362e,Female,59,1,39.0,0,1-2 Year,Yes,32775.0,124.0,158,0
6979d927682586564e3836d6,Male,24,1,11.0,1,< 1 Year,No,27771.0,152.0,233,0
6979d927682586564e38360f,Female,44,1,28.0,0,1-2 Year,Yes,50521.0,26.0,22,1
6979d927682586564e3835fe,Female,23,1,35.0,1,< 1 Year,No,27606.0,160.0,114,0
6979d927682586564e3836c1,Male,40,1,48.0,0,> 2 Years,Yes,2630.0,26.0,86,0
6979d927682586564e3835c7,Female,24,1,36.0,0,< 1 Year,Yes,43129.0,152.0,49,0
6979d927682586564e3836ec,Female,26,1,47.0,1,< 1 Year,No,2630.0,152.0,296,0
6979d927682586564e38377b,Female,23,1,28.0,1,< 1 Year,No,38010.0,152.0,177,0
6979d927682586564e38368f,Male,62,1,15.0,0,1-2 Year,No,44679.0,86.0,239,0
6979d927682586564e3836cc,Male,22,1,13.0,1,< 1 Year,No,33413.0,152.0,104,0
6979d927682586564e383691,Male,23,1,39.0,0,< 1 Year,Yes,29575.0,152.0,281,1
6979d927682586564e383663,Female,27,1,11.0,1,1-2 Year,No,26756.0,124.0,254,0
6979d927682586564e3835c9,Male,41,1,36.0,1,1-2 Year,No,30039.0,124.0,88,0
6979d927682586564e38363e,Male,51,1,19.0,0,1-2 Year,Yes,2630.0,124.0,228,0
6979d927682586564e38362a,Male,28,1,37.0,1,< 1 Year,No,32600.0,152.0,131,0
6979d927682586564e3835cf,Female,54,1,28.0,0,1-2 Year,No,38560.0,122.0,184,0
6979d927682586564e3835fd,Male,25,1,23.0,0,< 1 Year,Yes,23537.0,152.0,58,0
6979d927682586564e383726,Male,26,1,8.0,1,< 1 Year,No,54203.0,152.0,81,0
6979d927682586564e383734,Female,47,1,15.0,0,1-2 Year,Yes,2630.0,14.0,166,0
6979d927682586564e383677,Male,26,1,37.0,0,< 1 Year,Yes,57159.0,160.0,163,0
6979d927682586564e383745,Female,24,1,43.0,0,< 1 Year,Yes,29981.0,152.0,185,0
6979d927682586564e38360c,Female,20,1,30.0,0,< 1 Year,Yes,33227.0,160.0,78,0
6979d927682586564e383766,Female,23,1,2.0,1,< 1 Year,No,24881.0,152.0,247,0
6979d927682586564e383671,Male,42,1,8.0,0,1-2 Year,No,24224.0,154.0,66,0
6979d927682586564e383755,Male,42,1,11.0,0,1-2 Year,Yes,40473.0,124.0,46,0
6979d927682586564e3836e1,Male,20,1,12.0,0,< 1 Year,Yes,82705.0,160.0,49,0
6979d927682586564e3835bf,Female,21,1,28.0,1,< 1 Year,No,61964.0,152.0,72,0
6979d927682586564e3835db,Male,78,1,41.0,1,1-2 Year,No,49491.0,26.0,282,0
6979d927682586564e383652,Female,50,1,28.0,0,1-2 Year,Yes,36282.0,26.0,237,0
6979d927682586564e383620,Male,37,1,13.0,0,1-2 Year,Yes,30440.0,124.0,293,0
6979d927682586564e3836b7,Female,20,1,17.0,0,1-2 Year,No,2630.0,156.0,181,0
6979d927682586564e383680,Male,22,1,15.0,0,< 1 Year,Yes,32252.0,160.0,100,0
6979d927682586564e3835c3,Male,57,1,11.0,0,1-2 Year,Yes,25679.0,157.0,232,1
6979d927682586564e383776,Male,24,1,2.0,0,< 1 Year,Yes,26707.0,152.0,224,0
6979d927682586564e3835ab,Female,24,1,33.0,0,< 1 Year,Yes,2630.0,160.0,176,0
6979d927682586564e38373f,Male,47,1,28.0,0,> 2 Years,Yes,33145.0,124.0,237,0
6979d927682586564e383768,Female,23,1,37.0,0,< 1 Year,Yes,21214.0,152.0,126,1
6979d927682586564e3835ac,Male,23,1,11.0,0,< 1 Year,Yes,23367.0,152.0,249,0
6979d927682586564e383777,Male,42,1,33.0,0,> 2 Years,Yes,35187.0,124.0,107,0
6979d927682586564e383736,Male,23,1,47.0,0,< 1 Year,Yes,25080.0,152.0,277,1
6979d927682586564e383733,Male,21,1,28.0,0,< 1 Year,No,2630.0,152.0,186,0
6979d927682586564e38372b,Male,21,1,13.0,0,< 1 Year,Yes,28733.0,152.0,70,0
6979d927682586564e38373e,Female,68,1,30.0,1,1-2 Year,No,2630.0,160.0,218,0
6979d927682586564e38360e,Male,29,1,41.0,1,< 1 Year,Yes,43046.0,163.0,222,0
6979d927682586564e38376f,Male,46,1,33.0,0,1-2 Year,Yes,30866.0,124.0,77,0
6979d927682586564e383796,Male,22,1,35.0,0,< 1 Year,Yes,30083.0,152.0,84,0
6979d927682586564e383612,Male,72,1,46.0,1,1-2 Year,Yes,28698.0,30.0,216,0
6979d927682586564e383774,Male,23,1,35.0,1,< 1 Year,No,27968.0,152.0,128,0
6979d927682586564e38365f,Male,52,1,0.0,1,1-2 Year,No,2630.0,26.0,134,0
6979d927682586564e38366b,Male,42,1,3.0,0,1-2 Year,Yes,32293.0,124.0,105,1
6979d927682586564e38375a,Male,29,1,8.0,0,< 1 Year,Yes,42992.0,124.0,241,0
6979d927682586564e383723,Male,66,1,31.0,0,> 2 Years,Yes,2630.0,26.0,90,0
6979d927682586564e383713,Male,22,1,46.0,1,< 1 Year,No,25037.0,152.0,220,0
6979d927682586564e38367f,Female,21,1,46.0,0,< 1 Year,Yes,33245.0,152.0,259,0
6979d927682586564e38367a,Male,44,1,28.0,0,> 2 Years,Yes,42754.0,124.0,23,1
6979d927682586564e383702,Female,31,1,28.0,0,1-2 Year,Yes,39423.0,124.0,190,0
6979d927682586564e3836e9,Female,35,1,28.0,0,1-2 Year,Yes,41029.0,125.0,94,0
6979d927682586564e383788,Female,25,1,2.0,1,< 1 Year,No,28342.0,152.0,113,0
6979d927682586564e38368b,Female,64,1,28.0,1,1-2 Year,Yes,41697.0,26.0,287,0
6979d927682586564e3835d8,Female,22,1,50.0,0,< 1 Year,No,15052.0,152.0,141,0
6979d927682586564e3835e5,Male,58,1,19.0,1,1-2 Year,No,39661.0,26.0,141,0
6979d927682586564e3835a9,Male,21,1,11.0,1,< 1 Year,No,28619.0,152.0,203,0
6979d927682586564e38364b,Male,25,1,30.0,1,< 1 Year,No,29396.0,152.0,22,0
6979d927682586564e383705,Female,23,1,46.0,1,< 1 Year,No,2630.0,152.0,88,0
6979d927682586564e3836c9,Female,22,1,13.0,1,< 1 Year,No,37093.0,152.0,66,0
6979d927682586564e3835b9,Female,60,1,33.0,0,1-2 Year,Yes,32363.0,124.0,102,1
6979d927682586564e383647,Male,70,1,25.0,1,1-2 Year,No,2630.0,124.0,230,0
6979d927682586564e3835bd,Male,44,1,28.0,0,1-2 Year,Yes,41852.0,163.0,60,0
6979d927682586564e383669,Male,55,1,30.0,1,1-2 Year,No,29215.0,26.0,226,0
6979d927682586564e3835ed,Female,27,1,11.0,0,< 1 Year,Yes,34587.0,26.0,63,0
6979d927682586564e38369a,Female,39,1,46.0,0,1-2 Year,No,35145.0,26.0,116,0
6979d927682586564e383742,Female,51,1,28.0,0,> 2 Years,Yes,33632.0,124.0,137,0
6979d927682586564e383703,Female,60,1,36.0,1,1-2 Year,Yes,36638.0,124.0,33,0
6979d927682586564e383686,Male,75,1,28.0,0,> 2 Years,Yes,40765.0,124.0,162,0
6979d927682586564e3835df,Male,54,1,28.0,0,1-2 Year,Yes,25205.0,26.0,283,1
6979d927682586564e383628,Male,50,1,28.0,0,1-2 Year,Yes,57389.0,26.0,155,1
6979d927682586564e38378b,Male,69,1,46.0,1,1-2 Year,No,44679.0,26.0,293,0
6979d927682586564e38372d,Male,22,1,50.0,1,< 1 Year,No,36287.0,152.0,70,0
6979d927682586564e3836dd,Female,59,1,39.0,0,1-2 Year,Yes,44630.0,124.0,200,0
6979d927682586564e38374a,Female,26,1,8.0,1,< 1 Year,No,22650.0,152.0,181,0
6979d927682586564e38372e,Female,25,1,37.0,0,< 1 Year,Yes,2630.0,152.0,249,0
6979d927682586564e383760,Male,54,1,33.0,0,1-2 Year,Yes,39396.0,124.0,295,0
6979d927682586564e38374f,Female,24,1,13.0,0,< 1 Year,Yes,2630.0,151.0,19,0
6979d927682586564e383709,Female,29,1,28.0,1,< 1 Year,No,27715.0,152.0,93,0
6979d927682586564e383697,Male,27,1,3.0,1,< 1 Year,No,27181.0,152.0,125,0
6979d927682586564e3835ec,Male,44,1,47.0,0,1-2 Year,Yes,46481.0,16.0,100,0
6979d927682586564e383765,Female,24,1,32.0,0,< 1 Year,Yes,2630.0,152.0,107,0
6979d927682586564e38364d,Female,26,1,8.0,0,< 1 Year,Yes,89282.0,152.0,101,0
6979d927682586564e38365e,Female,51,1,28.0,0,1-2 Year,Yes,57008.0,26.0,208,0
6979d927682586564e383640,Female,24,1,22.0,1,< 1 Year,No,34591.0,152.0,125,0
6979d927682586564e3835aa,Female,29,1,41.0,1,< 1 Year,No,27496.0,152.0,39,0
6979d927682586564e38367c,Male,44,1,2.0,0,1-2 Year,No,34618.0,26.0,265,0
6979d927682586564e3835be,Male,34,1,15.0,1,1-2 Year,No,38111.0,152.0,180,0
6979d927682586564e383738,Female,27,1,33.0,0,< 1 Year,Yes,2630.0,152.0,125,0
6979d927682586564e38374c,Female,36,1,46.0,0,< 1 Year,Yes,2630.0,1.0,94,0
6979d927682586564e38364e,Female,60,1,28.0,1,1-2 Year,No,30386.0,26.0,114,0
6979d927682586564e383756,Female,45,1,28.0,0,1-2 Year,Yes,27616.0,26.0,134,0
6979d927682586564e383772,Female,30,1,49.0,0,< 1 Year,Yes,27967.0,152.0,270,0
6979d927682586564e3835d5,Male,51,1,26.0,1,1-2 Year,No,33761.0,22.0,83,0
6979d927682586564e3835fc,Female,54,1,47.0,0,> 2 Years,Yes,32873.0,26.0,248,0
6979d927682586564e383660,Male,48,1,8.0,0,> 2 Years,Yes,44021.0,124.0,135,0
6979d927682586564e3835b0,Female,47,1,35.0,0,1-2 Year,Yes,47576.0,124.0,46,1
6979d927682586564e383741,Female,25,1,40.0,0,< 1 Year,Yes,39361.0,152.0,104,0
6979d927682586564e383792,Male,29,1,37.0,0,1-2 Year,Yes,2630.0,154.0,66,0
6979d927682586564e383687,Female,53,1,28.0,1,1-2 Year,No,44313.0,61.0,33,0
6979d927682586564e383722,Male,47,1,28.0,1,1-2 Year,No,31269.0,124.0,213,0
6979d927682586564e3836fa,Male,27,1,15.0,0,< 1 Year,Yes,33845.0,152.0,260,0
6979d927682586564e3836a1,Male,23,1,12.0,1,< 1 Year,No,24886.0,26.0,111,0
6979d927682586564e383653,Female,33,1,36.0,1,< 1 Year,No,40899.0,152.0,85,0
6979d927682586564e3836b1,Female,28,1,21.0,1,< 1 Year,No,26106.0,152.0,95,0
6979d927682586564e383689,Male,29,1,28.0,1,< 1 Year,No,44742.0,152.0,85,0
6979d927682586564e3835f8,Female,39,1,8.0,1,1-2 Year,No,34735.0,152.0,131,0
6979d927682586564e383728,Female,34,1,28.0,0,1-2 Year,No,46685.0,124.0,205,0
6979d927682586564e38371b,Male,44,1,46.0,1,1-2 Year,No,50696.0,26.0,193,0
6979d927682586564e3835d4,Female,29,1,15.0,1,< 1 Year,No,32923.0,152.0,34,0
6979d927682586564e3835e6,Male,39,1,15.0,0,1-2 Year,Yes,37849.0,124.0,22,0
6979d927682586564e3836fc,Female,49,1,28.0,0,1-2 Year,Yes,48505.0,124.0,271,0
6979d927682586564e3835f6,Male,54,1,26.0,0,1-2 Year,Yes,35493.0,22.0,74,0
6979d927682586564e383679,Male,45,1,28.0,0,1-2 Year,Yes,33205.0,26.0,243,0
6979d927682586564e383608,Female,21,1,2.0,0,< 1 Year,Yes,34274.0,152.0,79,0
6979d927682586564e38368d,Male,24,1,47.0,0,< 1 Year,Yes,36414.0,124.0,292,0
6979d927682586564e383700,Male,22,1,37.0,0,< 1 Year,Yes,38240.0,152.0,221,1
6979d927682586564e3836c5,Male,39,1,28.0,0,1-2 Year,Yes,32807.0,157.0,186,0
6979d927682586564e38370e,Male,44,1,28.0,0,1-2 Year,Yes,39450.0,124.0,214,0
6979d927682586564e38372c,Male,20,1,46.0,0,< 1 Year,Yes,49211.0,160.0,284,0
6979d927682586564e3835de,Male,39,1,28.0,0,1-2 Year,Yes,57582.0,26.0,141,0
6979d927682586564e3835dc,Female,44,1,28.0,0,1-2 Year,Yes,45415.0,13.0,73,0
6979d927682586564e38366c,Female,26,1,26.0,1,< 1 Year,No,2630.0,152.0,142,0
6979d927682586564e38376e,Male,29,1,28.0,0,< 1 Year,Yes,40186.0,160.0,227,0
6979d927682586564e383655,Female,22,1,36.0,1,< 1 Year,No,34527.0,152.0,67,0
6979d927682586564e3836a3,Male,36,1,28.0,1,1-2 Year,No,47682.0,124.0,121,0
6979d927682586564e383661,Male,42,1,37.0,0,1-2 Year,Yes,36532.0,124.0,268,0
6979d927682586564e38370a,Male,22,1,46.0,1,< 1 Year,Yes,28311.0,152.0,240,0
6979d927682586564e383739,Male,49,1,28.0,0,1-2 Year,Yes,37214.0,26.0,158,1
6979d927682586564e3836d1,Male,22,1,21.0,1,< 1 Year,No,30893.0,152.0,29,0
6979d927682586564e3836db,Male,26,1,35.0,1,< 1 Year,No,51047.0,152.0,165,0
6979d927682586564e3836bb,Male,55,1,28.0,0,> 2 Years,Yes,41246.0,26.0,285,0
6979d927682586564e38363c,Male,25,1,8.0,0,< 1 Year,Yes,54385.0,152.0,206,0
6979d927682586564e383743,Female,24,1,6.0,1,< 1 Year,No,29371.0,152.0,168,0
6979d927682586564e383614,Male,27,1,8.0,1,< 1 Year,No,31428.0,122.0,77,0
6979d927682586564e38363f,Male,53,1,28.0,1,1-2 Year,No,40397.0,122.0,156,0
6979d927682586564e383616,Female,33,1,30.0,1,< 1 Year,No,24998.0,152.0,181,0
6979d927682586564e3836bd,Male,25,1,28.0,1,< 1 Year,No,47031.0,26.0,151,0
6979d927682586564e3836c2,Male,36,1,28.0,0,1-2 Year,Yes,34165.0,124.0,143,0
6979d927682586564e383644,Female,23,1,47.0,0,< 1 Year,Yes,28737.0,152.0,18,0
6979d927682586564e38374b,Male,23,1,6.0,1,< 1 Year,No,24308.0,152.0,256,0
6979d927682586564e383672,Female,30,1,28.0,0,< 1 Year,Yes,39104.0,122.0,263,1
6979d927682586564e383649,Female,31,1,28.0,1,1-2 Year,No,29395.0,26.0,123,0
